month,sza_bin,sfi_bin,spot_count,snr_median,date
2023-01,50,High (200-250),1131,-17.0,2023-01-16
2023-01,55,High (200-250),12893,-16.0,2023-01-16
2023-01,60,High (200-250),24644,-16.0,2023-01-16
2023-01,65,High (200-250),24558,-16.0,2023-01-16
2023-01,70,High (200-250),21330,-16.0,2023-01-16
2023-01,75,High (200-250),18582,-15.0,2023-01-16
2023-01,80,High (200-250),7015,-15.0,2023-01-16
2023-01,85,High (200-250),905,-15.0,2023-01-16
2023-01,45,High (200-250),3,-12.0,2023-01-17
2023-01,50,High (200-250),1409,-16.0,2023-01-17
2023-01,55,High (200-250),13177,-16.0,2023-01-17
2023-01,60,High (200-250),23423,-16.0,2023-01-17
2023-01,65,High (200-250),22803,-16.0,2023-01-17
2023-01,70,High (200-250),19350,-16.0,2023-01-17
2023-01,75,High (200-250),16926,-16.0,2023-01-17
2023-01,80,High (200-250),6442,-16.0,2023-01-17
2023-01,85,High (200-250),927,-16.0,2023-01-17
2023-01,50,High (200-250),1454,-16.0,2023-01-18
2023-01,55,High (200-250),13645,-16.0,2023-01-18
2023-01,60,High (200-250),26167,-16.0,2023-01-18
2023-01,65,High (200-250),26002,-15.0,2023-01-18
2023-01,70,High (200-250),24941,-15.0,2023-01-18
2023-01,75,High (200-250),26408,-15.0,2023-01-18
2023-01,80,High (200-250),10127,-14.0,2023-01-18
2023-01,85,High (200-250),1223,-15.0,2023-01-18
2023-01,50,High (200-250),1378,-16.0,2023-01-19
2023-01,55,High (200-250),12793,-16.0,2023-01-19
2023-01,60,High (200-250),23311,-16.0,2023-01-19
2023-01,65,High (200-250),25241,-15.0,2023-01-19
2023-01,70,High (200-250),23051,-15.0,2023-01-19
2023-01,75,High (200-250),22450,-15.0,2023-01-19
2023-01,80,High (200-250),7745,-15.0,2023-01-19
2023-01,85,High (200-250),654,-16.0,2023-01-19
2023-01,45,High (200-250),2,-18.5,2023-01-20
2023-01,50,High (200-250),1924,-16.0,2023-01-20
2023-01,55,High (200-250),16007,-16.0,2023-01-20
2023-01,60,High (200-250),25621,-16.0,2023-01-20
2023-01,65,High (200-250),26201,-16.0,2023-01-20
2023-01,70,High (200-250),22518,-16.0,2023-01-20
2023-01,75,High (200-250),20786,-15.0,2023-01-20
2023-01,80,High (200-250),7398,-15.0,2023-01-20
2023-01,85,High (200-250),521,-17.0,2023-01-20
2023-01,45,High (200-250),13,-19.0,2023-01-21
2023-01,50,High (200-250),2840,-16.0,2023-01-21
2023-01,55,High (200-250),18296,-16.0,2023-01-21
2023-01,60,High (200-250),28677,-16.0,2023-01-21
2023-01,65,High (200-250),26752,-16.0,2023-01-21
2023-01,70,High (200-250),23442,-16.0,2023-01-21
2023-01,75,High (200-250),22880,-15.0,2023-01-21
2023-01,80,High (200-250),9225,-15.0,2023-01-21
2023-01,85,High (200-250),1002,-16.0,2023-01-21
2023-01,45,Med (160-200),18,-15.0,2023-01-22
2023-01,50,Med (160-200),3097,-16.0,2023-01-22
2023-01,55,Med (160-200),16414,-16.0,2023-01-22
2023-01,60,Med (160-200),25680,-16.0,2023-01-22
2023-01,65,Med (160-200),26716,-16.0,2023-01-22
2023-01,70,Med (160-200),24438,-16.0,2023-01-22
2023-01,75,Med (160-200),25459,-15.0,2023-01-22
2023-01,80,Med (160-200),8308,-15.0,2023-01-22
2023-01,85,Med (160-200),860,-17.0,2023-01-22
2023-02,35,Low (100-160),11,-24.0,2023-02-20
2023-02,40,Low (100-160),1842,-15.0,2023-02-20
2023-02,45,Low (100-160),17223,-15.0,2023-02-20
2023-02,50,Low (100-160),28300,-15.0,2023-02-20
2023-02,55,Low (100-160),29179,-16.0,2023-02-20
2023-02,60,Low (100-160),26642,-16.0,2023-02-20
2023-02,65,Low (100-160),29183,-16.0,2023-02-20
2023-02,70,Low (100-160),23964,-15.0,2023-02-20
2023-02,75,Low (100-160),12897,-16.0,2023-02-20
2023-02,80,Low (100-160),3447,-16.0,2023-02-20
2023-02,85,Low (100-160),374,-17.0,2023-02-20
2023-02,40,Med (160-200),1719,-16.0,2023-02-21
2023-02,45,Med (160-200),15656,-16.0,2023-02-21
2023-02,50,Med (160-200),24728,-16.0,2023-02-21
2023-02,55,Med (160-200),22444,-16.0,2023-02-21
2023-02,60,Med (160-200),22446,-16.0,2023-02-21
2023-02,65,Med (160-200),21590,-16.0,2023-02-21
2023-02,70,Med (160-200),15707,-16.0,2023-02-21
2023-02,75,Med (160-200),9298,-17.0,2023-02-21
2023-02,80,Med (160-200),2211,-17.0,2023-02-21
2023-02,85,Med (160-200),233,-17.0,2023-02-21
2023-02,35,Low (100-160),2,-26.5,2023-02-22
2023-02,40,Low (100-160),2531,-17.0,2023-02-22
2023-02,45,Low (100-160),14565,-17.0,2023-02-22
2023-02,50,Low (100-160),23543,-17.0,2023-02-22
2023-02,55,Low (100-160),23796,-16.0,2023-02-22
2023-02,60,Low (100-160),22130,-17.0,2023-02-22
2023-02,65,Low (100-160),21935,-17.0,2023-02-22
2023-02,70,Low (100-160),15188,-17.0,2023-02-22
2023-02,75,Low (100-160),8665,-17.0,2023-02-22
2023-02,80,Low (100-160),2066,-18.0,2023-02-22
2023-02,85,Low (100-160),188,-21.0,2023-02-22
2023-02,35,Low (100-160),13,-17.0,2023-02-23
2023-02,40,Low (100-160),2874,-15.0,2023-02-23
2023-02,45,Low (100-160),17547,-15.0,2023-02-23
2023-02,50,Low (100-160),26121,-15.0,2023-02-23
2023-02,55,Low (100-160),22232,-16.0,2023-02-23
2023-02,60,Low (100-160),17924,-16.0,2023-02-23
2023-02,65,Low (100-160),14759,-17.0,2023-02-23
2023-02,70,Low (100-160),10870,-17.0,2023-02-23
2023-02,75,Low (100-160),7380,-16.0,2023-02-23
2023-02,80,Low (100-160),2089,-16.0,2023-02-23
2023-02,85,Low (100-160),270,-19.0,2023-02-23
2023-02,35,Med (160-200),49,-20.0,2023-02-24
2023-02,40,Med (160-200),3649,-16.0,2023-02-24
2023-02,45,Med (160-200),18057,-16.0,2023-02-24
2023-02,50,Med (160-200),21799,-16.0,2023-02-24
2023-02,55,Med (160-200),19890,-16.0,2023-02-24
2023-02,60,Med (160-200),15986,-17.0,2023-02-24
2023-02,65,Med (160-200),12228,-17.0,2023-02-24
2023-02,70,Med (160-200),9751,-17.0,2023-02-24
2023-02,75,Med (160-200),6270,-17.0,2023-02-24
2023-02,80,Med (160-200),1360,-17.0,2023-02-24
2023-02,85,Med (160-200),153,-20.0,2023-02-24
2023-02,35,Very High (250+),35,-23.0,2023-02-25
2023-02,40,Very High (250+),3504,-15.0,2023-02-25
2023-02,45,Very High (250+),18224,-16.0,2023-02-25
2023-02,50,Very High (250+),25113,-16.0,2023-02-25
2023-02,55,Very High (250+),24805,-16.0,2023-02-25
2023-02,60,Very High (250+),21492,-16.0,2023-02-25
2023-02,65,Very High (250+),19199,-16.0,2023-02-25
2023-02,70,Very High (250+),14506,-16.0,2023-02-25
2023-02,75,Very High (250+),8037,-15.0,2023-02-25
2023-02,80,Very High (250+),2418,-16.0,2023-02-25
2023-02,85,Very High (250+),344,-18.0,2023-02-25
2023-02,35,Low (100-160),65,-20.0,2023-02-26
2023-02,40,Low (100-160),5605,-15.0,2023-02-26
2023-02,45,Low (100-160),25653,-15.0,2023-02-26
2023-02,50,Low (100-160),30306,-15.0,2023-02-26
2023-02,55,Low (100-160),23880,-15.0,2023-02-26
2023-02,60,Low (100-160),20771,-16.0,2023-02-26
2023-02,65,Low (100-160),15666,-16.0,2023-02-26
2023-02,70,Low (100-160),12065,-16.0,2023-02-26
2023-02,75,Low (100-160),7334,-16.0,2023-02-26
2023-02,80,Low (100-160),1544,-16.0,2023-02-26
2023-02,85,Low (100-160),262,-17.0,2023-02-26
2023-03,25,Low (100-160),2,-19.0,2023-03-20
2023-03,30,Low (100-160),1987,-18.0,2023-03-20
2023-03,35,Low (100-160),14266,-17.0,2023-03-20
2023-03,40,Low (100-160),25164,-17.0,2023-03-20
2023-03,45,Low (100-160),24211,-17.0,2023-03-20
2023-03,50,Low (100-160),18612,-17.0,2023-03-20
2023-03,55,Low (100-160),14698,-17.0,2023-03-20
2023-03,60,Low (100-160),12480,-17.0,2023-03-20
2023-03,65,Low (100-160),10547,-17.0,2023-03-20
2023-03,70,Low (100-160),8221,-17.0,2023-03-20
2023-03,75,Low (100-160),3912,-17.0,2023-03-20
2023-03,80,Low (100-160),767,-16.0,2023-03-20
2023-03,85,Low (100-160),105,-18.0,2023-03-20
2023-03,25,Low (100-160),10,-23.0,2023-03-21
2023-03,30,Low (100-160),2331,-18.0,2023-03-21
2023-03,35,Low (100-160),17404,-17.0,2023-03-21
2023-03,40,Low (100-160),28779,-17.0,2023-03-21
2023-03,45,Low (100-160),27977,-17.0,2023-03-21
2023-03,50,Low (100-160),22422,-17.0,2023-03-21
2023-03,55,Low (100-160),17325,-18.0,2023-03-21
2023-03,60,Low (100-160),13613,-17.0,2023-03-21
2023-03,65,Low (100-160),11477,-17.0,2023-03-21
2023-03,70,Low (100-160),9445,-17.0,2023-03-21
2023-03,75,Low (100-160),5575,-18.0,2023-03-21
2023-03,80,Low (100-160),927,-19.0,2023-03-21
2023-03,85,Low (100-160),144,-21.5,2023-03-21
2023-03,25,Low (100-160),31,-17.0,2023-03-22
2023-03,30,Low (100-160),4023,-17.0,2023-03-22
2023-03,35,Low (100-160),20000,-17.0,2023-03-22
2023-03,40,Low (100-160),23902,-17.0,2023-03-22
2023-03,45,Low (100-160),19526,-17.0,2023-03-22
2023-03,50,Low (100-160),13692,-17.0,2023-03-22
2023-03,55,Low (100-160),10333,-17.0,2023-03-22
2023-03,60,Low (100-160),8459,-17.0,2023-03-22
2023-03,65,Low (100-160),6950,-17.0,2023-03-22
2023-03,70,Low (100-160),5285,-17.0,2023-03-22
2023-03,75,Low (100-160),2658,-15.0,2023-03-22
2023-03,80,Low (100-160),521,-17.0,2023-03-22
2023-03,85,Low (100-160),50,-18.0,2023-03-22
2023-03,25,Low (100-160),34,-18.0,2023-03-23
2023-03,30,Low (100-160),2693,-17.0,2023-03-23
2023-03,35,Low (100-160),10348,-17.0,2023-03-23
2023-03,40,Low (100-160),7981,-16.0,2023-03-23
2023-03,45,Low (100-160),9147,-16.0,2023-03-23
2023-03,50,Low (100-160),9715,-17.0,2023-03-23
2023-03,55,Low (100-160),9494,-17.0,2023-03-23
2023-03,60,Low (100-160),8135,-17.0,2023-03-23
2023-03,65,Low (100-160),7101,-17.0,2023-03-23
2023-03,70,Low (100-160),5662,-17.0,2023-03-23
2023-03,75,Low (100-160),2671,-16.0,2023-03-23
2023-03,80,Low (100-160),722,-17.0,2023-03-23
2023-03,85,Low (100-160),99,-18.0,2023-03-23
2023-03,25,Low (100-160),68,-18.0,2023-03-24
2023-03,30,Low (100-160),4479,-17.0,2023-03-24
2023-03,35,Low (100-160),14312,-17.0,2023-03-24
2023-03,40,Low (100-160),17357,-17.0,2023-03-24
2023-03,45,Low (100-160),12867,-17.0,2023-03-24
2023-03,50,Low (100-160),9491,-17.0,2023-03-24
2023-03,55,Low (100-160),7755,-18.0,2023-03-24
2023-03,60,Low (100-160),6582,-18.0,2023-03-24
2023-03,65,Low (100-160),4870,-18.0,2023-03-24
2023-03,70,Low (100-160),3328,-18.0,2023-03-24
2023-03,75,Low (100-160),1294,-17.0,2023-03-24
2023-03,80,Low (100-160),156,-18.0,2023-03-24
2023-03,85,Low (100-160),15,-22.0,2023-03-24
2023-03,25,Med (160-200),239,-15.0,2023-03-25
2023-03,30,Med (160-200),6202,-16.0,2023-03-25
2023-03,35,Med (160-200),19119,-17.0,2023-03-25
2023-03,40,Med (160-200),20098,-17.0,2023-03-25
2023-03,45,Med (160-200),14442,-17.0,2023-03-25
2023-03,50,Med (160-200),10679,-17.0,2023-03-25
2023-03,55,Med (160-200),8225,-17.0,2023-03-25
2023-03,60,Med (160-200),7093,-17.0,2023-03-25
2023-03,65,Med (160-200),6388,-17.0,2023-03-25
2023-03,70,Med (160-200),5185,-18.0,2023-03-25
2023-03,75,Med (160-200),2399,-17.0,2023-03-25
2023-03,80,Med (160-200),433,-19.0,2023-03-25
2023-03,85,Med (160-200),40,-24.5,2023-03-25
2023-03,25,Low (100-160),238,-19.0,2023-03-26
2023-03,30,Low (100-160),5965,-17.0,2023-03-26
2023-03,35,Low (100-160),18230,-17.0,2023-03-26
2023-03,40,Low (100-160),23188,-16.0,2023-03-26
2023-03,45,Low (100-160),21084,-16.0,2023-03-26
2023-03,50,Low (100-160),16211,-17.0,2023-03-26
2023-03,55,Low (100-160),13311,-17.0,2023-03-26
2023-03,60,Low (100-160),11784,-17.0,2023-03-26
2023-03,65,Low (100-160),10868,-17.0,2023-03-26
2023-03,70,Low (100-160),9082,-17.0,2023-03-26
2023-03,75,Low (100-160),5507,-16.0,2023-03-26
2023-03,80,Low (100-160),1847,-16.0,2023-03-26
2023-03,85,Low (100-160),329,-15.0,2023-03-26
2023-04,20,Med (160-200),503,-18.0,2023-04-17
2023-04,25,Med (160-200),2690,-18.0,2023-04-17
2023-04,30,Med (160-200),3677,-19.0,2023-04-17
2023-04,35,Med (160-200),2966,-18.0,2023-04-17
2023-04,40,Med (160-200),2076,-18.0,2023-04-17
2023-04,45,Med (160-200),1601,-19.0,2023-04-17
2023-04,50,Med (160-200),1309,-19.0,2023-04-17
2023-04,55,Med (160-200),1439,-19.0,2023-04-17
2023-04,60,Med (160-200),1317,-19.0,2023-04-17
2023-04,65,Med (160-200),1290,-19.0,2023-04-17
2023-04,70,Med (160-200),1362,-19.0,2023-04-17
2023-04,75,Med (160-200),1134,-19.0,2023-04-17
2023-04,80,Med (160-200),512,-19.0,2023-04-17
2023-04,85,Med (160-200),126,-19.0,2023-04-17
2023-04,15,Low (100-160),12,-24.0,2023-04-18
2023-04,20,Low (100-160),913,-18.0,2023-04-18
2023-04,25,Low (100-160),6050,-16.0,2023-04-18
2023-04,30,Low (100-160),10780,-16.0,2023-04-18
2023-04,35,Low (100-160),9639,-17.0,2023-04-18
2023-04,40,Low (100-160),7905,-17.0,2023-04-18
2023-04,45,Low (100-160),7146,-17.0,2023-04-18
2023-04,50,Low (100-160),6715,-17.0,2023-04-18
2023-04,55,Low (100-160),6344,-17.0,2023-04-18
2023-04,60,Low (100-160),5587,-17.0,2023-04-18
2023-04,65,Low (100-160),4808,-17.0,2023-04-18
2023-04,70,Low (100-160),3583,-17.0,2023-04-18
2023-04,75,Low (100-160),1679,-14.0,2023-04-18
2023-04,80,Low (100-160),618,-14.0,2023-04-18
2023-04,85,Low (100-160),135,-11.0,2023-04-18
2023-04,15,Low (100-160),10,-19.0,2023-04-19
2023-04,20,Low (100-160),1240,-17.0,2023-04-19
2023-04,25,Low (100-160),6018,-18.0,2023-04-19
2023-04,30,Low (100-160),5148,-19.0,2023-04-19
2023-04,35,Low (100-160),3727,-18.0,2023-04-19
2023-04,40,Low (100-160),3732,-18.0,2023-04-19
2023-04,45,Low (100-160),3825,-18.0,2023-04-19
2023-04,50,Low (100-160),3762,-18.0,2023-04-19
2023-04,55,Low (100-160),3638,-18.0,2023-04-19
2023-04,60,Low (100-160),3291,-18.0,2023-04-19
2023-04,65,Low (100-160),2892,-18.0,2023-04-19
2023-04,70,Low (100-160),2236,-17.0,2023-04-19
2023-04,75,Low (100-160),955,-17.0,2023-04-19
2023-04,80,Low (100-160),364,-16.0,2023-04-19
2023-04,85,Low (100-160),85,-15.0,2023-04-19
2023-04,15,Low (100-160),44,-19.0,2023-04-20
2023-04,20,Low (100-160),1523,-16.0,2023-04-20
2023-04,25,Low (100-160),4892,-16.0,2023-04-20
2023-04,30,Low (100-160),6056,-16.0,2023-04-20
2023-04,35,Low (100-160),6477,-17.0,2023-04-20
2023-04,40,Low (100-160),7708,-17.0,2023-04-20
2023-04,45,Low (100-160),7379,-17.0,2023-04-20
2023-04,50,Low (100-160),6074,-17.0,2023-04-20
2023-04,55,Low (100-160),5227,-17.0,2023-04-20
2023-04,60,Low (100-160),4528,-17.0,2023-04-20
2023-04,65,Low (100-160),4378,-16.0,2023-04-20
2023-04,70,Low (100-160),3342,-16.0,2023-04-20
2023-04,75,Low (100-160),1208,-15.0,2023-04-20
2023-04,80,Low (100-160),545,-14.0,2023-04-20
2023-04,85,Low (100-160),174,-12.0,2023-04-20
2023-04,15,Low (100-160),36,-23.0,2023-04-21
2023-04,20,Low (100-160),1524,-16.0,2023-04-21
2023-04,25,Low (100-160),7979,-17.0,2023-04-21
2023-04,30,Low (100-160),8772,-16.0,2023-04-21
2023-04,35,Low (100-160),7848,-17.0,2023-04-21
2023-04,40,Low (100-160),7288,-17.0,2023-04-21
2023-04,45,Low (100-160),6919,-17.0,2023-04-21
2023-04,50,Low (100-160),5962,-17.0,2023-04-21
2023-04,55,Low (100-160),5329,-17.0,2023-04-21
2023-04,60,Low (100-160),4674,-17.0,2023-04-21
2023-04,65,Low (100-160),4112,-16.0,2023-04-21
2023-04,70,Low (100-160),3583,-16.0,2023-04-21
2023-04,75,Low (100-160),1680,-16.0,2023-04-21
2023-04,80,Low (100-160),690,-17.0,2023-04-21
2023-04,85,Low (100-160),300,-16.0,2023-04-21
2023-04,15,Low (100-160),120,-21.0,2023-04-22
2023-04,20,Low (100-160),3957,-17.0,2023-04-22
2023-04,25,Low (100-160),13589,-17.0,2023-04-22
2023-04,30,Low (100-160),17476,-16.0,2023-04-22
2023-04,35,Low (100-160),16450,-16.0,2023-04-22
2023-04,40,Low (100-160),12947,-16.0,2023-04-22
2023-04,45,Low (100-160),10701,-17.0,2023-04-22
2023-04,50,Low (100-160),9365,-17.0,2023-04-22
2023-04,55,Low (100-160),9272,-17.0,2023-04-22
2023-04,60,Low (100-160),8765,-17.0,2023-04-22
2023-04,65,Low (100-160),7825,-17.0,2023-04-22
2023-04,70,Low (100-160),6085,-18.0,2023-04-22
2023-04,75,Low (100-160),2624,-17.0,2023-04-22
2023-04,80,Low (100-160),734,-17.0,2023-04-22
2023-04,85,Low (100-160),99,-19.0,2023-04-22
2023-04,15,Low (100-160),1,-20.0,2023-04-23
2023-04,20,Low (100-160),391,-20.0,2023-04-23
2023-04,25,Low (100-160),1150,-14.0,2023-04-23
2023-04,30,Low (100-160),1866,-16.0,2023-04-23
2023-04,35,Low (100-160),1590,-18.0,2023-04-23
2023-04,40,Low (100-160),1635,-18.0,2023-04-23
2023-04,45,Low (100-160),2435,-15.0,2023-04-23
2023-04,50,Low (100-160),3242,-16.0,2023-04-23
2023-04,55,Low (100-160),2790,-17.0,2023-04-23
2023-04,60,Low (100-160),1828,-17.0,2023-04-23
2023-04,65,Low (100-160),1469,-16.0,2023-04-23
2023-04,70,Low (100-160),2005,-16.0,2023-04-23
2023-04,75,Low (100-160),2186,-16.0,2023-04-23
2023-04,80,Low (100-160),687,-18.0,2023-04-23
2023-04,85,Low (100-160),150,-16.0,2023-04-23
2023-05,10,Low (100-160),167,-16.0,2023-05-15
2023-05,15,Low (100-160),2288,-17.0,2023-05-15
2023-05,20,Low (100-160),3834,-17.0,2023-05-15
2023-05,25,Low (100-160),3223,-18.0,2023-05-15
2023-05,30,Low (100-160),2452,-18.0,2023-05-15
2023-05,35,Low (100-160),1978,-19.0,2023-05-15
2023-05,40,Low (100-160),1536,-19.0,2023-05-15
2023-05,45,Low (100-160),1601,-19.0,2023-05-15
2023-05,50,Low (100-160),1680,-18.0,2023-05-15
2023-05,55,Low (100-160),1491,-17.0,2023-05-15
2023-05,60,Low (100-160),1273,-18.0,2023-05-15
2023-05,65,Low (100-160),1351,-18.0,2023-05-15
2023-05,70,Low (100-160),1595,-19.0,2023-05-15
2023-05,75,Low (100-160),1503,-19.0,2023-05-15
2023-05,80,Low (100-160),1044,-18.0,2023-05-15
2023-05,85,Low (100-160),428,-14.0,2023-05-15
2023-05,10,Low (100-160),26,-18.0,2023-05-16
2023-05,15,Low (100-160),130,-22.0,2023-05-16
2023-05,20,Low (100-160),417,-21.0,2023-05-16
2023-05,25,Low (100-160),845,-21.0,2023-05-16
2023-05,30,Low (100-160),455,-19.0,2023-05-16
2023-05,35,Low (100-160),608,-18.0,2023-05-16
2023-05,40,Low (100-160),915,-16.0,2023-05-16
2023-05,45,Low (100-160),948,-16.0,2023-05-16
2023-05,50,Low (100-160),902,-16.0,2023-05-16
2023-05,55,Low (100-160),728,-17.0,2023-05-16
2023-05,60,Low (100-160),705,-18.0,2023-05-16
2023-05,65,Low (100-160),799,-17.0,2023-05-16
2023-05,70,Low (100-160),772,-20.0,2023-05-16
2023-05,75,Low (100-160),637,-18.0,2023-05-16
2023-05,80,Low (100-160),494,-14.0,2023-05-16
2023-05,85,Low (100-160),311,-12.0,2023-05-16
2023-05,10,Low (100-160),115,-18.0,2023-05-17
2023-05,15,Low (100-160),518,-18.0,2023-05-17
2023-05,20,Low (100-160),1168,-20.0,2023-05-17
2023-05,25,Low (100-160),1122,-20.0,2023-05-17
2023-05,30,Low (100-160),1337,-20.0,2023-05-17
2023-05,35,Low (100-160),1669,-19.0,2023-05-17
2023-05,40,Low (100-160),1714,-20.0,2023-05-17
2023-05,45,Low (100-160),1272,-18.0,2023-05-17
2023-05,50,Low (100-160),997,-19.0,2023-05-17
2023-05,55,Low (100-160),945,-19.0,2023-05-17
2023-05,60,Low (100-160),899,-20.0,2023-05-17
2023-05,65,Low (100-160),930,-19.0,2023-05-17
2023-05,70,Low (100-160),712,-19.0,2023-05-17
2023-05,75,Low (100-160),542,-19.0,2023-05-17
2023-05,80,Low (100-160),390,-19.0,2023-05-17
2023-05,85,Low (100-160),120,-19.0,2023-05-17
2023-05,10,Low (100-160),45,-22.0,2023-05-18
2023-05,15,Low (100-160),616,-21.0,2023-05-18
2023-05,20,Low (100-160),1012,-21.0,2023-05-18
2023-05,25,Low (100-160),1686,-19.0,2023-05-18
2023-05,30,Low (100-160),2353,-19.0,2023-05-18
2023-05,35,Low (100-160),3393,-19.0,2023-05-18
2023-05,40,Low (100-160),3969,-19.0,2023-05-18
2023-05,45,Low (100-160),3870,-18.0,2023-05-18
2023-05,50,Low (100-160),3548,-18.0,2023-05-18
2023-05,55,Low (100-160),2902,-18.0,2023-05-18
2023-05,60,Low (100-160),2706,-17.0,2023-05-18
2023-05,65,Low (100-160),2576,-17.0,2023-05-18
2023-05,70,Low (100-160),1908,-18.0,2023-05-18
2023-05,75,Low (100-160),1543,-18.0,2023-05-18
2023-05,80,Low (100-160),1189,-18.0,2023-05-18
2023-05,85,Low (100-160),527,-16.0,2023-05-18
2023-05,10,Med (160-200),162,-18.0,2023-05-19
2023-05,15,Med (160-200),1113,-18.0,2023-05-19
2023-05,20,Med (160-200),3340,-18.0,2023-05-19
2023-05,25,Med (160-200),6672,-19.0,2023-05-19
2023-05,30,Med (160-200),5897,-18.0,2023-05-19
2023-05,35,Med (160-200),5852,-19.0,2023-05-19
2023-05,40,Med (160-200),5772,-18.0,2023-05-19
2023-05,45,Med (160-200),5258,-18.0,2023-05-19
2023-05,50,Med (160-200),4519,-18.0,2023-05-19
2023-05,55,Med (160-200),3735,-18.0,2023-05-19
2023-05,60,Med (160-200),3103,-18.0,2023-05-19
2023-05,65,Med (160-200),2986,-17.0,2023-05-19
2023-05,70,Med (160-200),2575,-18.0,2023-05-19
2023-05,75,Med (160-200),1583,-19.0,2023-05-19
2023-05,80,Med (160-200),829,-21.0,2023-05-19
2023-05,85,Med (160-200),465,-19.0,2023-05-19
2023-05,10,Med (160-200),38,-22.5,2023-05-20
2023-05,15,Med (160-200),322,-21.0,2023-05-20
2023-05,20,Med (160-200),809,-21.0,2023-05-20
2023-05,25,Med (160-200),2860,-20.0,2023-05-20
2023-05,30,Med (160-200),2965,-20.0,2023-05-20
2023-05,35,Med (160-200),3639,-20.0,2023-05-20
2023-05,40,Med (160-200),3056,-19.0,2023-05-20
2023-05,45,Med (160-200),2599,-20.0,2023-05-20
2023-05,50,Med (160-200),2024,-20.0,2023-05-20
2023-05,55,Med (160-200),1645,-20.0,2023-05-20
2023-05,60,Med (160-200),2088,-18.0,2023-05-20
2023-05,65,Med (160-200),2377,-19.0,2023-05-20
2023-05,70,Med (160-200),2488,-19.0,2023-05-20
2023-05,75,Med (160-200),2171,-19.0,2023-05-20
2023-05,80,Med (160-200),1457,-20.0,2023-05-20
2023-05,85,Med (160-200),523,-20.0,2023-05-20
2023-05,10,Med (160-200),71,-22.0,2023-05-21
2023-05,15,Med (160-200),152,-23.0,2023-05-21
2023-05,20,Med (160-200),283,-22.0,2023-05-21
2023-05,25,Med (160-200),696,-21.0,2023-05-21
2023-05,30,Med (160-200),548,-21.0,2023-05-21
2023-05,35,Med (160-200),868,-20.0,2023-05-21
2023-05,40,Med (160-200),1043,-20.0,2023-05-21
2023-05,45,Med (160-200),1055,-19.0,2023-05-21
2023-05,50,Med (160-200),830,-20.0,2023-05-21
2023-05,55,Med (160-200),867,-20.0,2023-05-21
2023-05,60,Med (160-200),881,-20.0,2023-05-21
2023-05,65,Med (160-200),798,-19.0,2023-05-21
2023-05,70,Med (160-200),702,-21.0,2023-05-21
2023-05,75,Med (160-200),767,-21.0,2023-05-21
2023-05,80,Med (160-200),578,-21.0,2023-05-21
2023-05,85,Med (160-200),299,-21.0,2023-05-21
2023-06,5,Med (160-200),2,-24.5,2023-06-19
2023-06,10,Med (160-200),603,-22.0,2023-06-19
2023-06,15,Med (160-200),2528,-20.0,2023-06-19
2023-06,20,Med (160-200),5017,-18.0,2023-06-19
2023-06,25,Med (160-200),4350,-19.0,2023-06-19
2023-06,30,Med (160-200),4387,-19.0,2023-06-19
2023-06,35,Med (160-200),4197,-19.0,2023-06-19
2023-06,40,Med (160-200),3478,-19.0,2023-06-19
2023-06,45,Med (160-200),2877,-19.0,2023-06-19
2023-06,50,Med (160-200),2499,-19.0,2023-06-19
2023-06,55,Med (160-200),2264,-18.0,2023-06-19
2023-06,60,Med (160-200),2372,-18.0,2023-06-19
2023-06,65,Med (160-200),1941,-18.0,2023-06-19
2023-06,70,Med (160-200),1794,-18.0,2023-06-19
2023-06,75,Med (160-200),1593,-19.0,2023-06-19
2023-06,80,Med (160-200),1445,-18.0,2023-06-19
2023-06,85,Med (160-200),722,-17.0,2023-06-19
2023-06,5,Med (160-200),8,-22.0,2023-06-20
2023-06,10,Med (160-200),950,-21.0,2023-06-20
2023-06,15,Med (160-200),1746,-21.0,2023-06-20
2023-06,20,Med (160-200),2890,-20.0,2023-06-20
2023-06,25,Med (160-200),4527,-19.0,2023-06-20
2023-06,30,Med (160-200),3615,-19.0,2023-06-20
2023-06,35,Med (160-200),3700,-19.0,2023-06-20
2023-06,40,Med (160-200),2804,-19.0,2023-06-20
2023-06,45,Med (160-200),2152,-20.0,2023-06-20
2023-06,50,Med (160-200),1417,-20.0,2023-06-20
2023-06,55,Med (160-200),1071,-20.0,2023-06-20
2023-06,60,Med (160-200),696,-20.0,2023-06-20
2023-06,65,Med (160-200),608,-20.0,2023-06-20
2023-06,70,Med (160-200),847,-20.0,2023-06-20
2023-06,75,Med (160-200),1126,-20.0,2023-06-20
2023-06,80,Med (160-200),1597,-19.0,2023-06-20
2023-06,85,Med (160-200),971,-20.0,2023-06-20
2023-06,5,Med (160-200),4,-23.0,2023-06-21
2023-06,10,Med (160-200),806,-22.0,2023-06-21
2023-06,15,Med (160-200),3024,-21.0,2023-06-21
2023-06,20,Med (160-200),4728,-19.0,2023-06-21
2023-06,25,Med (160-200),3453,-20.0,2023-06-21
2023-06,30,Med (160-200),5952,-20.0,2023-06-21
2023-06,35,Med (160-200),6238,-19.0,2023-06-21
2023-06,40,Med (160-200),5413,-19.0,2023-06-21
2023-06,45,Med (160-200),5016,-19.0,2023-06-21
2023-06,50,Med (160-200),4985,-19.0,2023-06-21
2023-06,55,Med (160-200),4433,-19.0,2023-06-21
2023-06,60,Med (160-200),3913,-19.0,2023-06-21
2023-06,65,Med (160-200),2776,-20.0,2023-06-21
2023-06,70,Med (160-200),1732,-19.0,2023-06-21
2023-06,75,Med (160-200),1008,-20.0,2023-06-21
2023-06,80,Med (160-200),1219,-19.0,2023-06-21
2023-06,85,Med (160-200),552,-19.0,2023-06-21
2023-06,5,Med (160-200),26,-21.5,2023-06-22
2023-06,10,Med (160-200),2175,-19.0,2023-06-22
2023-06,15,Med (160-200),3996,-20.0,2023-06-22
2023-06,20,Med (160-200),3850,-20.0,2023-06-22
2023-06,25,Med (160-200),3786,-19.0,2023-06-22
2023-06,30,Med (160-200),4130,-19.0,2023-06-22
2023-06,35,Med (160-200),4056,-19.0,2023-06-22
2023-06,40,Med (160-200),3861,-19.0,2023-06-22
2023-06,45,Med (160-200),3418,-19.0,2023-06-22
2023-06,50,Med (160-200),3123,-18.0,2023-06-22
2023-06,55,Med (160-200),2506,-19.0,2023-06-22
2023-06,60,Med (160-200),1641,-19.0,2023-06-22
2023-06,65,Med (160-200),1357,-20.0,2023-06-22
2023-06,70,Med (160-200),1293,-20.0,2023-06-22
2023-06,75,Med (160-200),1391,-19.0,2023-06-22
2023-06,80,Med (160-200),1405,-19.0,2023-06-22
2023-06,85,Med (160-200),550,-17.0,2023-06-22
2023-06,5,Med (160-200),18,-22.0,2023-06-23
2023-06,10,Med (160-200),1021,-20.0,2023-06-23
2023-06,15,Med (160-200),2419,-20.0,2023-06-23
2023-06,20,Med (160-200),5250,-19.0,2023-06-23
2023-06,25,Med (160-200),5998,-19.0,2023-06-23
2023-06,30,Med (160-200),9745,-18.0,2023-06-23
2023-06,35,Med (160-200),8578,-18.0,2023-06-23
2023-06,40,Med (160-200),6040,-18.0,2023-06-23
2023-06,45,Med (160-200),5300,-19.0,2023-06-23
2023-06,50,Med (160-200),4737,-19.0,2023-06-23
2023-06,55,Med (160-200),4003,-19.0,2023-06-23
2023-06,60,Med (160-200),3491,-19.0,2023-06-23
2023-06,65,Med (160-200),2934,-19.0,2023-06-23
2023-06,70,Med (160-200),2775,-19.0,2023-06-23
2023-06,75,Med (160-200),2693,-19.0,2023-06-23
2023-06,80,Med (160-200),2859,-19.0,2023-06-23
2023-06,85,Med (160-200),1116,-19.0,2023-06-23
2023-06,5,Med (160-200),11,-24.0,2023-06-24
2023-06,10,Med (160-200),312,-20.0,2023-06-24
2023-06,15,Med (160-200),482,-22.0,2023-06-24
2023-06,20,Med (160-200),1552,-20.5,2023-06-24
2023-06,25,Med (160-200),1153,-21.0,2023-06-24
2023-06,30,Med (160-200),851,-21.0,2023-06-24
2023-06,35,Med (160-200),618,-20.0,2023-06-24
2023-06,40,Med (160-200),598,-20.0,2023-06-24
2023-06,45,Med (160-200),498,-21.0,2023-06-24
2023-06,50,Med (160-200),612,-21.0,2023-06-24
2023-06,55,Med (160-200),614,-21.0,2023-06-24
2023-06,60,Med (160-200),727,-20.0,2023-06-24
2023-06,65,Med (160-200),663,-20.0,2023-06-24
2023-06,70,Med (160-200),636,-21.0,2023-06-24
2023-06,75,Med (160-200),779,-21.0,2023-06-24
2023-06,80,Med (160-200),1359,-20.0,2023-06-24
2023-06,85,Med (160-200),632,-19.0,2023-06-24
2023-06,5,Low (100-160),22,-21.0,2023-06-25
2023-06,10,Low (100-160),351,-21.0,2023-06-25
2023-06,15,Low (100-160),862,-21.0,2023-06-25
2023-06,20,Low (100-160),2046,-21.0,2023-06-25
2023-06,25,Low (100-160),2048,-21.0,2023-06-25
2023-06,30,Low (100-160),2247,-20.0,2023-06-25
2023-06,35,Low (100-160),2373,-20.0,2023-06-25
2023-06,40,Low (100-160),2709,-20.0,2023-06-25
2023-06,45,Low (100-160),2815,-20.0,2023-06-25
2023-06,50,Low (100-160),2570,-20.0,2023-06-25
2023-06,55,Low (100-160),1979,-20.0,2023-06-25
2023-06,60,Low (100-160),1215,-20.0,2023-06-25
2023-06,65,Low (100-160),637,-21.0,2023-06-25
2023-06,70,Low (100-160),529,-21.0,2023-06-25
2023-06,75,Low (100-160),409,-21.0,2023-06-25
2023-06,80,Low (100-160),266,-20.0,2023-06-25
2023-06,85,Low (100-160),88,-19.5,2023-06-25
2023-07,5,Med (160-200),3,-25.0,2023-07-17
2023-07,10,Med (160-200),413,-20.0,2023-07-17
2023-07,15,Med (160-200),2485,-20.0,2023-07-17
2023-07,20,Med (160-200),3034,-20.0,2023-07-17
2023-07,25,Med (160-200),3026,-20.0,2023-07-17
2023-07,30,Med (160-200),2258,-21.0,2023-07-17
2023-07,35,Med (160-200),1852,-21.0,2023-07-17
2023-07,40,Med (160-200),1302,-20.0,2023-07-17
2023-07,45,Med (160-200),951,-21.0,2023-07-17
2023-07,50,Med (160-200),896,-21.0,2023-07-17
2023-07,55,Med (160-200),890,-19.0,2023-07-17
2023-07,60,Med (160-200),738,-19.0,2023-07-17
2023-07,65,Med (160-200),645,-19.0,2023-07-17
2023-07,70,Med (160-200),634,-19.0,2023-07-17
2023-07,75,Med (160-200),612,-19.0,2023-07-17
2023-07,80,Med (160-200),504,-20.0,2023-07-17
2023-07,85,Med (160-200),104,-20.5,2023-07-17
2023-07,10,High (200-250),280,-20.0,2023-07-18
2023-07,15,High (200-250),1467,-21.0,2023-07-18
2023-07,20,High (200-250),1727,-22.0,2023-07-18
2023-07,25,High (200-250),3159,-19.0,2023-07-18
2023-07,30,High (200-250),2761,-20.0,2023-07-18
2023-07,35,High (200-250),2501,-20.0,2023-07-18
2023-07,40,High (200-250),2608,-20.0,2023-07-18
2023-07,45,High (200-250),2501,-19.0,2023-07-18
2023-07,50,High (200-250),2192,-20.0,2023-07-18
2023-07,55,High (200-250),1731,-20.0,2023-07-18
2023-07,60,High (200-250),1462,-20.0,2023-07-18
2023-07,65,High (200-250),1600,-19.0,2023-07-18
2023-07,70,High (200-250),1851,-19.0,2023-07-18
2023-07,75,High (200-250),1920,-19.0,2023-07-18
2023-07,80,High (200-250),1558,-19.0,2023-07-18
2023-07,85,High (200-250),330,-19.0,2023-07-18
2023-07,10,Med (160-200),139,-19.0,2023-07-19
2023-07,15,Med (160-200),1672,-20.0,2023-07-19
2023-07,20,Med (160-200),3805,-19.0,2023-07-19
2023-07,25,Med (160-200),3407,-20.0,2023-07-19
2023-07,30,Med (160-200),4205,-20.0,2023-07-19
2023-07,35,Med (160-200),3589,-20.0,2023-07-19
2023-07,40,Med (160-200),2655,-20.0,2023-07-19
2023-07,45,Med (160-200),1692,-20.0,2023-07-19
2023-07,50,Med (160-200),941,-21.0,2023-07-19
2023-07,55,Med (160-200),526,-21.0,2023-07-19
2023-07,60,Med (160-200),309,-21.0,2023-07-19
2023-07,65,Med (160-200),250,-21.0,2023-07-19
2023-07,70,Med (160-200),264,-21.0,2023-07-19
2023-07,75,Med (160-200),270,-19.5,2023-07-19
2023-07,80,Med (160-200),447,-20.0,2023-07-19
2023-07,85,Med (160-200),294,-18.5,2023-07-19
2023-07,5,Med (160-200),7,-23.0,2023-07-20
2023-07,10,Med (160-200),296,-21.0,2023-07-20
2023-07,15,Med (160-200),2707,-20.0,2023-07-20
2023-07,20,Med (160-200),3175,-20.0,2023-07-20
2023-07,25,Med (160-200),4609,-19.0,2023-07-20
2023-07,30,Med (160-200),4419,-20.0,2023-07-20
2023-07,35,Med (160-200),3562,-20.0,2023-07-20
2023-07,40,Med (160-200),3242,-20.0,2023-07-20
2023-07,45,Med (160-200),2960,-19.0,2023-07-20
2023-07,50,Med (160-200),2915,-19.0,2023-07-20
2023-07,55,Med (160-200),2876,-19.0,2023-07-20
2023-07,60,Med (160-200),2397,-18.0,2023-07-20
2023-07,65,Med (160-200),1629,-19.0,2023-07-20
2023-07,70,Med (160-200),1248,-18.0,2023-07-20
2023-07,75,Med (160-200),956,-17.0,2023-07-20
2023-07,80,Med (160-200),325,-16.0,2023-07-20
2023-07,85,Med (160-200),45,-18.0,2023-07-20
2023-07,5,Med (160-200),6,-25.0,2023-07-21
2023-07,10,Med (160-200),235,-18.0,2023-07-21
2023-07,15,Med (160-200),1875,-19.0,2023-07-21
2023-07,20,Med (160-200),2414,-20.0,2023-07-21
2023-07,25,Med (160-200),2149,-19.0,2023-07-21
2023-07,30,Med (160-200),1960,-19.0,2023-07-21
2023-07,35,Med (160-200),2375,-20.0,2023-07-21
2023-07,40,Med (160-200),2338,-20.0,2023-07-21
2023-07,45,Med (160-200),2057,-20.0,2023-07-21
2023-07,50,Med (160-200),1668,-20.0,2023-07-21
2023-07,55,Med (160-200),1106,-20.0,2023-07-21
2023-07,60,Med (160-200),766,-21.0,2023-07-21
2023-07,65,Med (160-200),583,-21.0,2023-07-21
2023-07,70,Med (160-200),678,-21.0,2023-07-21
2023-07,75,Med (160-200),772,-19.0,2023-07-21
2023-07,80,Med (160-200),1134,-16.0,2023-07-21
2023-07,85,Med (160-200),581,-15.0,2023-07-21
2023-07,10,Med (160-200),165,-16.0,2023-07-22
2023-07,15,Med (160-200),1528,-20.0,2023-07-22
2023-07,20,Med (160-200),2128,-21.0,2023-07-22
2023-07,25,Med (160-200),2444,-19.0,2023-07-22
2023-07,30,Med (160-200),3202,-20.0,2023-07-22
2023-07,35,Med (160-200),6318,-18.0,2023-07-22
2023-07,40,Med (160-200),4500,-18.0,2023-07-22
2023-07,45,Med (160-200),3126,-18.0,2023-07-22
2023-07,50,Med (160-200),2338,-19.0,2023-07-22
2023-07,55,Med (160-200),1431,-20.0,2023-07-22
2023-07,60,Med (160-200),872,-20.0,2023-07-22
2023-07,65,Med (160-200),452,-20.0,2023-07-22
2023-07,70,Med (160-200),412,-21.0,2023-07-22
2023-07,75,Med (160-200),405,-21.0,2023-07-22
2023-07,80,Med (160-200),463,-22.0,2023-07-22
2023-07,85,Med (160-200),145,-22.0,2023-07-22
2023-07,10,Med (160-200),113,-19.0,2023-07-23
2023-07,15,Med (160-200),696,-20.5,2023-07-23
2023-07,20,Med (160-200),866,-18.0,2023-07-23
2023-07,25,Med (160-200),1306,-15.0,2023-07-23
2023-07,30,Med (160-200),1977,-20.0,2023-07-23
2023-07,35,Med (160-200),3369,-19.0,2023-07-23
2023-07,40,Med (160-200),3448,-18.0,2023-07-23
2023-07,45,Med (160-200),3048,-18.0,2023-07-23
2023-07,50,Med (160-200),2865,-18.0,2023-07-23
2023-07,55,Med (160-200),2505,-18.0,2023-07-23
2023-07,60,Med (160-200),2060,-18.0,2023-07-23
2023-07,65,Med (160-200),1805,-19.0,2023-07-23
2023-07,70,Med (160-200),1547,-19.0,2023-07-23
2023-07,75,Med (160-200),1126,-20.0,2023-07-23
2023-07,80,Med (160-200),745,-20.0,2023-07-23
2023-07,85,Med (160-200),287,-20.0,2023-07-23
2023-08,20,Low (100-160),99,-21.0,2023-08-21
2023-08,25,Low (100-160),545,-14.0,2023-08-21
2023-08,30,Low (100-160),612,-17.0,2023-08-21
2023-08,35,Low (100-160),864,-17.0,2023-08-21
2023-08,40,Low (100-160),1102,-15.0,2023-08-21
2023-08,45,Low (100-160),866,-14.0,2023-08-21
2023-08,50,Low (100-160),580,-19.0,2023-08-21
2023-08,55,Low (100-160),416,-19.0,2023-08-21
2023-08,60,Low (100-160),251,-20.0,2023-08-21
2023-08,65,Low (100-160),122,-20.0,2023-08-21
2023-08,70,Low (100-160),149,-21.0,2023-08-21
2023-08,75,Low (100-160),416,-15.0,2023-08-21
2023-08,80,Low (100-160),608,-12.0,2023-08-21
2023-08,85,Low (100-160),261,-14.0,2023-08-21
2023-08,15,Low (100-160),5,-21.0,2023-08-22
2023-08,20,Low (100-160),88,-22.0,2023-08-22
2023-08,25,Low (100-160),449,-21.0,2023-08-22
2023-08,30,Low (100-160),2184,-20.0,2023-08-22
2023-08,35,Low (100-160),2217,-20.0,2023-08-22
2023-08,40,Low (100-160),2392,-18.0,2023-08-22
2023-08,45,Low (100-160),2702,-18.0,2023-08-22
2023-08,50,Low (100-160),2649,-17.0,2023-08-22
2023-08,55,Low (100-160),2811,-18.0,2023-08-22
2023-08,60,Low (100-160),2966,-18.0,2023-08-22
2023-08,65,Low (100-160),2608,-17.0,2023-08-22
2023-08,70,Low (100-160),2594,-17.0,2023-08-22
2023-08,75,Low (100-160),2078,-18.0,2023-08-22
2023-08,80,Low (100-160),1721,-18.0,2023-08-22
2023-08,85,Low (100-160),729,-18.0,2023-08-22
2023-08,20,Low (100-160),133,-11.0,2023-08-23
2023-08,25,Low (100-160),599,-17.0,2023-08-23
2023-08,30,Low (100-160),1373,-17.0,2023-08-23
2023-08,35,Low (100-160),1171,-20.0,2023-08-23
2023-08,40,Low (100-160),2020,-20.0,2023-08-23
2023-08,45,Low (100-160),2531,-20.0,2023-08-23
2023-08,50,Low (100-160),1593,-19.0,2023-08-23
2023-08,55,Low (100-160),1431,-17.0,2023-08-23
2023-08,60,Low (100-160),1383,-15.0,2023-08-23
2023-08,65,Low (100-160),1145,-15.0,2023-08-23
2023-08,70,Low (100-160),749,-17.0,2023-08-23
2023-08,75,Low (100-160),558,-15.0,2023-08-23
2023-08,80,Low (100-160),466,-12.0,2023-08-23
2023-08,85,Low (100-160),167,-11.0,2023-08-23
2023-08,20,Low (100-160),470,-15.0,2023-08-24
2023-08,25,Low (100-160),3073,-18.0,2023-08-24
2023-08,30,Low (100-160),4309,-19.0,2023-08-24
2023-08,35,Low (100-160),4155,-19.0,2023-08-24
2023-08,40,Low (100-160),4845,-18.0,2023-08-24
2023-08,45,Low (100-160),4856,-18.0,2023-08-24
2023-08,50,Low (100-160),4371,-18.0,2023-08-24
2023-08,55,Low (100-160),3762,-17.0,2023-08-24
2023-08,60,Low (100-160),2808,-17.0,2023-08-24
2023-08,65,Low (100-160),2570,-15.0,2023-08-24
2023-08,70,Low (100-160),2064,-17.5,2023-08-24
2023-08,75,Low (100-160),1468,-18.0,2023-08-24
2023-08,80,Low (100-160),1343,-18.0,2023-08-24
2023-08,85,Low (100-160),509,-18.0,2023-08-24
2023-08,20,Low (100-160),85,-22.0,2023-08-25
2023-08,25,Low (100-160),1007,-17.0,2023-08-25
2023-08,30,Low (100-160),1902,-18.0,2023-08-25
2023-08,35,Low (100-160),1084,-20.0,2023-08-25
2023-08,40,Low (100-160),769,-20.0,2023-08-25
2023-08,45,Low (100-160),1472,-20.0,2023-08-25
2023-08,50,Low (100-160),2345,-20.0,2023-08-25
2023-08,55,Low (100-160),2683,-20.0,2023-08-25
2023-08,60,Low (100-160),3146,-19.0,2023-08-25
2023-08,65,Low (100-160),2957,-18.0,2023-08-25
2023-08,70,Low (100-160),2774,-18.0,2023-08-25
2023-08,75,Low (100-160),1864,-17.0,2023-08-25
2023-08,80,Low (100-160),1097,-18.0,2023-08-25
2023-08,85,Low (100-160),468,-18.0,2023-08-25
2023-08,20,Low (100-160),611,-17.0,2023-08-26
2023-08,25,Low (100-160),4824,-18.0,2023-08-26
2023-08,30,Low (100-160),6691,-18.0,2023-08-26
2023-08,35,Low (100-160),5627,-18.0,2023-08-26
2023-08,40,Low (100-160),4813,-19.0,2023-08-26
2023-08,45,Low (100-160),4272,-18.0,2023-08-26
2023-08,50,Low (100-160),3182,-19.0,2023-08-26
2023-08,55,Low (100-160),2389,-19.0,2023-08-26
2023-08,60,Low (100-160),1752,-19.0,2023-08-26
2023-08,65,Low (100-160),1166,-19.0,2023-08-26
2023-08,70,Low (100-160),878,-18.0,2023-08-26
2023-08,75,Low (100-160),737,-16.0,2023-08-26
2023-08,80,Low (100-160),510,-16.5,2023-08-26
2023-08,85,Low (100-160),172,-17.0,2023-08-26
2023-08,20,Low (100-160),111,-19.0,2023-08-27
2023-08,25,Low (100-160),594,-20.0,2023-08-27
2023-08,30,Low (100-160),1782,-19.0,2023-08-27
2023-08,35,Low (100-160),2325,-19.0,2023-08-27
2023-08,40,Low (100-160),5414,-19.0,2023-08-27
2023-08,45,Low (100-160),5450,-19.0,2023-08-27
2023-08,50,Low (100-160),4043,-19.0,2023-08-27
2023-08,55,Low (100-160),2958,-19.0,2023-08-27
2023-08,60,Low (100-160),2192,-20.0,2023-08-27
2023-08,65,Low (100-160),1620,-21.0,2023-08-27
2023-08,70,Low (100-160),1516,-20.0,2023-08-27
2023-08,75,Low (100-160),1112,-20.0,2023-08-27
2023-08,80,Low (100-160),766,-20.0,2023-08-27
2023-08,85,Low (100-160),235,-20.0,2023-08-27
2023-09,25,Low (100-160),60,-13.0,2023-09-18
2023-09,30,Low (100-160),2090,-15.0,2023-09-18
2023-09,35,Low (100-160),8178,-16.0,2023-09-18
2023-09,40,Low (100-160),7632,-16.0,2023-09-18
2023-09,45,Low (100-160),5667,-16.0,2023-09-18
2023-09,50,Low (100-160),4548,-16.0,2023-09-18
2023-09,55,Low (100-160),4351,-17.0,2023-09-18
2023-09,60,Low (100-160),3768,-17.0,2023-09-18
2023-09,65,Low (100-160),3557,-17.0,2023-09-18
2023-09,70,Low (100-160),2533,-16.0,2023-09-18
2023-09,75,Low (100-160),1555,-16.0,2023-09-18
2023-09,80,Low (100-160),594,-17.0,2023-09-18
2023-09,85,Low (100-160),83,-19.0,2023-09-18
2023-09,30,Med (160-200),103,-19.0,2023-09-19
2023-09,35,Med (160-200),149,-21.0,2023-09-19
2023-09,40,Med (160-200),583,-21.0,2023-09-19
2023-09,45,Med (160-200),621,-22.0,2023-09-19
2023-09,50,Med (160-200),899,-21.0,2023-09-19
2023-09,55,Med (160-200),222,-22.0,2023-09-19
2023-09,60,Med (160-200),113,-22.0,2023-09-19
2023-09,65,Med (160-200),184,-17.0,2023-09-19
2023-09,70,Med (160-200),85,-18.0,2023-09-19
2023-09,75,Med (160-200),341,-16.0,2023-09-19
2023-09,80,Med (160-200),166,-15.0,2023-09-19
2023-09,85,Med (160-200),2,-25.5,2023-09-19
2023-09,25,Low (100-160),1,-26.0,2023-09-20
2023-09,30,Low (100-160),533,-18.0,2023-09-20
2023-09,35,Low (100-160),4196,-17.0,2023-09-20
2023-09,40,Low (100-160),5089,-17.0,2023-09-20
2023-09,45,Low (100-160),4185,-19.0,2023-09-20
2023-09,50,Low (100-160),3489,-19.0,2023-09-20
2023-09,55,Low (100-160),2811,-19.0,2023-09-20
2023-09,60,Low (100-160),2047,-19.0,2023-09-20
2023-09,65,Low (100-160),1366,-18.0,2023-09-20
2023-09,70,Low (100-160),801,-17.0,2023-09-20
2023-09,75,Low (100-160),499,-17.0,2023-09-20
2023-09,80,Low (100-160),257,-14.0,2023-09-20
2023-09,85,Low (100-160),20,-16.5,2023-09-20
2023-09,30,Med (160-200),671,-16.0,2023-09-21
2023-09,35,Med (160-200),5472,-17.0,2023-09-21
2023-09,40,Med (160-200),11659,-17.0,2023-09-21
2023-09,45,Med (160-200),10596,-17.0,2023-09-21
2023-09,50,Med (160-200),8611,-17.0,2023-09-21
2023-09,55,Med (160-200),7382,-17.0,2023-09-21
2023-09,60,Med (160-200),6673,-17.0,2023-09-21
2023-09,65,Med (160-200),5343,-17.0,2023-09-21
2023-09,70,Med (160-200),4173,-17.0,2023-09-21
2023-09,75,Med (160-200),1798,-16.0,2023-09-21
2023-09,80,Med (160-200),310,-17.0,2023-09-21
2023-09,85,Med (160-200),28,-18.5,2023-09-21
2023-09,30,Med (160-200),360,-15.5,2023-09-22
2023-09,35,Med (160-200),4550,-17.0,2023-09-22
2023-09,40,Med (160-200),12141,-17.0,2023-09-22
2023-09,45,Med (160-200),13213,-17.0,2023-09-22
2023-09,50,Med (160-200),12471,-17.0,2023-09-22
2023-09,55,Med (160-200),9736,-18.0,2023-09-22
2023-09,60,Med (160-200),7748,-17.0,2023-09-22
2023-09,65,Med (160-200),6414,-17.0,2023-09-22
2023-09,70,Med (160-200),5378,-17.0,2023-09-22
2023-09,75,Med (160-200),2967,-17.0,2023-09-22
2023-09,80,Med (160-200),762,-19.0,2023-09-22
2023-09,85,Med (160-200),114,-20.0,2023-09-22
2023-09,30,Med (160-200),506,-16.0,2023-09-23
2023-09,35,Med (160-200),5803,-17.0,2023-09-23
2023-09,40,Med (160-200),12885,-17.0,2023-09-23
2023-09,45,Med (160-200),11374,-18.0,2023-09-23
2023-09,50,Med (160-200),9760,-17.0,2023-09-23
2023-09,55,Med (160-200),8252,-17.0,2023-09-23
2023-09,60,Med (160-200),7816,-18.0,2023-09-23
2023-09,65,Med (160-200),7271,-18.0,2023-09-23
2023-09,70,Med (160-200),6752,-18.0,2023-09-23
2023-09,75,Med (160-200),3990,-16.0,2023-09-23
2023-09,80,Med (160-200),966,-17.5,2023-09-23
2023-09,85,Med (160-200),155,-21.0,2023-09-23
2023-09,30,Med (160-200),414,-16.0,2023-09-24
2023-09,35,Med (160-200),6411,-17.0,2023-09-24
2023-09,40,Med (160-200),16444,-17.0,2023-09-24
2023-09,45,Med (160-200),16476,-17.0,2023-09-24
2023-09,50,Med (160-200),13161,-17.0,2023-09-24
2023-09,55,Med (160-200),10373,-17.0,2023-09-24
2023-09,60,Med (160-200),8709,-17.0,2023-09-24
2023-09,65,Med (160-200),8040,-17.0,2023-09-24
2023-09,70,Med (160-200),6548,-17.0,2023-09-24
2023-09,75,Med (160-200),3905,-17.0,2023-09-24
2023-09,80,Med (160-200),567,-16.0,2023-09-24
2023-09,85,Med (160-200),55,-22.0,2023-09-24
2023-10,35,Low (100-160),46,-20.0,2023-10-16
2023-10,40,Low (100-160),2553,-17.0,2023-10-16
2023-10,45,Low (100-160),14415,-16.0,2023-10-16
2023-10,50,Low (100-160),23388,-16.0,2023-10-16
2023-10,55,Low (100-160),23684,-16.0,2023-10-16
2023-10,60,Low (100-160),21069,-16.0,2023-10-16
2023-10,65,Low (100-160),21576,-16.0,2023-10-16
2023-10,70,Low (100-160),15989,-16.0,2023-10-16
2023-10,75,Low (100-160),10610,-16.0,2023-10-16
2023-10,80,Low (100-160),2797,-17.0,2023-10-16
2023-10,85,Low (100-160),262,-19.0,2023-10-16
2023-10,35,Low (100-160),17,-23.0,2023-10-17
2023-10,40,Low (100-160),2043,-17.0,2023-10-17
2023-10,45,Low (100-160),13837,-17.0,2023-10-17
2023-10,50,Low (100-160),23887,-16.0,2023-10-17
2023-10,55,Low (100-160),25915,-16.0,2023-10-17
2023-10,60,Low (100-160),23161,-16.0,2023-10-17
2023-10,65,Low (100-160),23865,-16.0,2023-10-17
2023-10,70,Low (100-160),18556,-16.0,2023-10-17
2023-10,75,Low (100-160),11880,-16.0,2023-10-17
2023-10,80,Low (100-160),3364,-16.0,2023-10-17
2023-10,85,Low (100-160),343,-19.0,2023-10-17
2023-10,35,Low (100-160),6,-28.5,2023-10-18
2023-10,40,Low (100-160),1592,-16.0,2023-10-18
2023-10,45,Low (100-160),12836,-16.0,2023-10-18
2023-10,50,Low (100-160),24066,-16.0,2023-10-18
2023-10,55,Low (100-160),24894,-16.0,2023-10-18
2023-10,60,Low (100-160),23370,-16.0,2023-10-18
2023-10,65,Low (100-160),24378,-16.0,2023-10-18
2023-10,70,Low (100-160),17637,-16.0,2023-10-18
2023-10,75,Low (100-160),11917,-16.0,2023-10-18
2023-10,80,Low (100-160),3858,-16.0,2023-10-18
2023-10,85,Low (100-160),514,-17.0,2023-10-18
2023-10,35,Low (100-160),2,-16.0,2023-10-19
2023-10,40,Low (100-160),1891,-16.0,2023-10-19
2023-10,45,Low (100-160),14616,-16.0,2023-10-19
2023-10,50,Low (100-160),29982,-16.0,2023-10-19
2023-10,55,Low (100-160),31275,-16.0,2023-10-19
2023-10,60,Low (100-160),26037,-17.0,2023-10-19
2023-10,65,Low (100-160),21984,-17.0,2023-10-19
2023-10,70,Low (100-160),14945,-17.0,2023-10-19
2023-10,75,Low (100-160),9145,-17.0,2023-10-19
2023-10,80,Low (100-160),2604,-17.0,2023-10-19
2023-10,85,Low (100-160),249,-20.0,2023-10-19
2023-10,35,Low (100-160),2,-26.5,2023-10-20
2023-10,40,Low (100-160),1217,-18.0,2023-10-20
2023-10,45,Low (100-160),11955,-16.0,2023-10-20
2023-10,50,Low (100-160),26022,-16.0,2023-10-20
2023-10,55,Low (100-160),29765,-16.0,2023-10-20
2023-10,60,Low (100-160),25725,-16.0,2023-10-20
2023-10,65,Low (100-160),24121,-16.0,2023-10-20
2023-10,70,Low (100-160),17934,-16.5,2023-10-20
2023-10,75,Low (100-160),11332,-16.0,2023-10-20
2023-10,80,Low (100-160),3952,-17.0,2023-10-20
2023-10,85,Low (100-160),538,-18.0,2023-10-20
2023-10,35,Low (100-160),7,-14.0,2023-10-21
2023-10,40,Low (100-160),1273,-18.0,2023-10-21
2023-10,45,Low (100-160),14277,-17.0,2023-10-21
2023-10,50,Low (100-160),29071,-17.0,2023-10-21
2023-10,55,Low (100-160),27432,-17.0,2023-10-21
2023-10,60,Low (100-160),17739,-17.0,2023-10-21
2023-10,65,Low (100-160),13199,-17.0,2023-10-21
2023-10,70,Low (100-160),10018,-17.0,2023-10-21
2023-10,75,Low (100-160),6853,-17.0,2023-10-21
2023-10,80,Low (100-160),2018,-18.0,2023-10-21
2023-10,85,Low (100-160),370,-18.0,2023-10-21
2023-10,40,Low (100-160),621,-20.0,2023-10-22
2023-10,45,Low (100-160),7421,-17.0,2023-10-22
2023-10,50,Low (100-160),18385,-17.0,2023-10-22
2023-10,55,Low (100-160),24411,-16.0,2023-10-22
2023-10,60,Low (100-160),22080,-17.0,2023-10-22
2023-10,65,Low (100-160),19818,-17.0,2023-10-22
2023-10,70,Low (100-160),14665,-17.0,2023-10-22
2023-10,75,Low (100-160),7649,-16.0,2023-10-22
2023-10,80,Low (100-160),2368,-17.0,2023-10-22
2023-10,85,Low (100-160),334,-19.0,2023-10-22
2023-11,50,Low (100-160),3000,-14.0,2023-11-20
2023-11,55,Low (100-160),20635,-15.0,2023-11-20
2023-11,60,Low (100-160),32785,-15.0,2023-11-20
2023-11,65,Low (100-160),29302,-16.0,2023-11-20
2023-11,70,Low (100-160),24506,-16.0,2023-11-20
2023-11,75,Low (100-160),20626,-16.0,2023-11-20
2023-11,80,Low (100-160),7164,-16.0,2023-11-20
2023-11,85,Low (100-160),1460,-17.0,2023-11-20
2023-11,45,Med (160-200),1,-27.0,2023-11-21
2023-11,50,Med (160-200),2132,-15.0,2023-11-21
2023-11,55,Med (160-200),18890,-15.0,2023-11-21
2023-11,60,Med (160-200),35775,-15.0,2023-11-21
2023-11,65,Med (160-200),32833,-15.0,2023-11-21
2023-11,70,Med (160-200),22858,-16.0,2023-11-21
2023-11,75,Med (160-200),16962,-16.0,2023-11-21
2023-11,80,Med (160-200),4984,-16.0,2023-11-21
2023-11,85,Med (160-200),713,-17.0,2023-11-21
2023-11,45,Med (160-200),1,-20.0,2023-11-22
2023-11,50,Med (160-200),2017,-16.0,2023-11-22
2023-11,55,Med (160-200),19761,-15.0,2023-11-22
2023-11,60,Med (160-200),42757,-15.0,2023-11-22
2023-11,65,Med (160-200),41901,-15.0,2023-11-22
2023-11,70,Med (160-200),26824,-16.0,2023-11-22
2023-11,75,Med (160-200),16848,-16.0,2023-11-22
2023-11,80,Med (160-200),5190,-16.0,2023-11-22
2023-11,85,Med (160-200),687,-17.0,2023-11-22
2023-11,45,Med (160-200),6,-21.0,2023-11-23
2023-11,50,Med (160-200),2075,-17.0,2023-11-23
2023-11,55,Med (160-200),19553,-16.0,2023-11-23
2023-11,60,Med (160-200),41329,-16.0,2023-11-23
2023-11,65,Med (160-200),41415,-16.0,2023-11-23
2023-11,70,Med (160-200),30476,-16.0,2023-11-23
2023-11,75,Med (160-200),23706,-16.0,2023-11-23
2023-11,80,Med (160-200),8098,-16.0,2023-11-23
2023-11,85,Med (160-200),776,-18.0,2023-11-23
2023-11,50,Med (160-200),1905,-16.0,2023-11-24
2023-11,55,Med (160-200),17487,-15.0,2023-11-24
2023-11,60,Med (160-200),34196,-16.0,2023-11-24
2023-11,65,Med (160-200),39571,-16.0,2023-11-24
2023-11,70,Med (160-200),27449,-16.0,2023-11-24
2023-11,75,Med (160-200),19656,-16.0,2023-11-24
2023-11,80,Med (160-200),7237,-16.0,2023-11-24
2023-11,85,Med (160-200),1239,-16.0,2023-11-24
2023-11,45,Med (160-200),5,-18.0,2023-11-25
2023-11,50,Med (160-200),1606,-17.0,2023-11-25
2023-11,55,Med (160-200),15066,-16.0,2023-11-25
2023-11,60,Med (160-200),24146,-16.0,2023-11-25
2023-11,65,Med (160-200),22625,-16.0,2023-11-25
2023-11,70,Med (160-200),20054,-16.0,2023-11-25
2023-11,75,Med (160-200),17317,-16.0,2023-11-25
2023-11,80,Med (160-200),6912,-16.0,2023-11-25
2023-11,85,Med (160-200),964,-17.0,2023-11-25
2023-11,45,Med (160-200),8,-19.5,2023-11-26
2023-11,50,Med (160-200),1400,-16.0,2023-11-26
2023-11,55,Med (160-200),16571,-15.0,2023-11-26
2023-11,60,Med (160-200),35554,-15.0,2023-11-26
2023-11,65,Med (160-200),36721,-15.0,2023-11-26
2023-11,70,Med (160-200),29236,-16.0,2023-11-26
2023-11,75,Med (160-200),21561,-16.0,2023-11-26
2023-11,80,Med (160-200),6981,-16.0,2023-11-26
2023-11,85,Med (160-200),836,-18.0,2023-11-26
2023-12,50,Med (160-200),76,-18.0,2023-12-18
2023-12,55,Med (160-200),5346,-16.0,2023-12-18
2023-12,60,Med (160-200),22390,-16.0,2023-12-18
2023-12,65,Med (160-200),25770,-17.0,2023-12-18
2023-12,70,Med (160-200),22041,-17.0,2023-12-18
2023-12,75,Med (160-200),14788,-16.0,2023-12-18
2023-12,80,Med (160-200),7883,-16.0,2023-12-18
2023-12,85,Med (160-200),1282,-17.0,2023-12-18
2023-12,50,Med (160-200),21,-11.0,2023-12-19
2023-12,55,Med (160-200),3149,-16.0,2023-12-19
2023-12,60,Med (160-200),16888,-17.0,2023-12-19
2023-12,65,Med (160-200),21915,-17.0,2023-12-19
2023-12,70,Med (160-200),21315,-17.0,2023-12-19
2023-12,75,Med (160-200),15530,-17.0,2023-12-19
2023-12,80,Med (160-200),6817,-16.0,2023-12-19
2023-12,85,Med (160-200),1121,-18.0,2023-12-19
2023-12,50,Med (160-200),46,-12.5,2023-12-20
2023-12,55,Med (160-200),4388,-17.0,2023-12-20
2023-12,60,Med (160-200),20368,-17.0,2023-12-20
2023-12,65,Med (160-200),27179,-17.0,2023-12-20
2023-12,70,Med (160-200),24305,-17.0,2023-12-20
2023-12,75,Med (160-200),17817,-17.0,2023-12-20
2023-12,80,Med (160-200),8921,-16.0,2023-12-20
2023-12,85,Med (160-200),1006,-17.0,2023-12-20
2023-12,50,Med (160-200),14,-20.5,2023-12-21
2023-12,55,Med (160-200),3419,-17.0,2023-12-21
2023-12,60,Med (160-200),17338,-17.0,2023-12-21
2023-12,65,Med (160-200),23949,-17.0,2023-12-21
2023-12,70,Med (160-200),22475,-17.0,2023-12-21
2023-12,75,Med (160-200),16016,-17.0,2023-12-21
2023-12,80,Med (160-200),6482,-16.0,2023-12-21
2023-12,85,Med (160-200),788,-18.5,2023-12-21
2023-12,50,Med (160-200),41,-18.0,2023-12-22
2023-12,55,Med (160-200),3669,-17.0,2023-12-22
2023-12,60,Med (160-200),19447,-16.0,2023-12-22
2023-12,65,Med (160-200),24594,-17.0,2023-12-22
2023-12,70,Med (160-200),22802,-18.0,2023-12-22
2023-12,75,Med (160-200),15306,-17.0,2023-12-22
2023-12,80,Med (160-200),5839,-17.0,2023-12-22
2023-12,85,Med (160-200),837,-18.0,2023-12-22
2023-12,50,Med (160-200),27,-16.0,2023-12-23
2023-12,55,Med (160-200),5038,-16.0,2023-12-23
2023-12,60,Med (160-200),24397,-16.0,2023-12-23
2023-12,65,Med (160-200),30321,-17.0,2023-12-23
2023-12,70,Med (160-200),26883,-17.0,2023-12-23
2023-12,75,Med (160-200),17261,-17.0,2023-12-23
2023-12,80,Med (160-200),5725,-16.0,2023-12-23
2023-12,85,Med (160-200),673,-18.0,2023-12-23
2023-12,50,Med (160-200),27,-16.0,2023-12-24
2023-12,55,Med (160-200),5372,-16.0,2023-12-24
2023-12,60,Med (160-200),25457,-15.0,2023-12-24
2023-12,65,Med (160-200),32698,-16.0,2023-12-24
2023-12,70,Med (160-200),31360,-16.0,2023-12-24
2023-12,75,Med (160-200),22244,-17.0,2023-12-24
2023-12,80,Med (160-200),9883,-16.0,2023-12-24
2023-12,85,Med (160-200),1580,-17.0,2023-12-24
2024-05,10,High (200-250),9,-18.0,2024-05-07
2024-05,15,High (200-250),275,-19.0,2024-05-07
2024-05,20,High (200-250),1595,-20.0,2024-05-07
2024-05,25,High (200-250),2729,-21.0,2024-05-07
2024-05,30,High (200-250),4427,-20.0,2024-05-07
2024-05,35,High (200-250),3979,-20.0,2024-05-07
2024-05,40,High (200-250),3720,-19.0,2024-05-07
2024-05,45,High (200-250),3343,-19.0,2024-05-07
2024-05,50,High (200-250),2301,-19.0,2024-05-07
2024-05,55,High (200-250),1904,-19.0,2024-05-07
2024-05,60,High (200-250),1444,-19.0,2024-05-07
2024-05,65,High (200-250),1102,-19.0,2024-05-07
2024-05,70,High (200-250),826,-20.0,2024-05-07
2024-05,75,High (200-250),439,-20.0,2024-05-07
2024-05,80,High (200-250),290,-21.0,2024-05-07
2024-05,85,High (200-250),96,-19.0,2024-05-07
2024-05,10,High (200-250),88,-19.0,2024-05-08
2024-05,15,High (200-250),1675,-20.0,2024-05-08
2024-05,20,High (200-250),6457,-19.0,2024-05-08
2024-05,25,High (200-250),8009,-19.0,2024-05-08
2024-05,30,High (200-250),7839,-19.0,2024-05-08
2024-05,35,High (200-250),6683,-19.0,2024-05-08
2024-05,40,High (200-250),5349,-19.0,2024-05-08
2024-05,45,High (200-250),4418,-20.0,2024-05-08
2024-05,50,High (200-250),4082,-20.0,2024-05-08
2024-05,55,High (200-250),3833,-20.0,2024-05-08
2024-05,60,High (200-250),3543,-19.0,2024-05-08
2024-05,65,High (200-250),3575,-19.0,2024-05-08
2024-05,70,High (200-250),2206,-19.0,2024-05-08
2024-05,75,High (200-250),1273,-20.0,2024-05-08
2024-05,80,High (200-250),934,-20.0,2024-05-08
2024-05,85,High (200-250),405,-20.0,2024-05-08
2024-05,10,High (200-250),82,-17.0,2024-05-09
2024-05,15,High (200-250),1549,-20.0,2024-05-09
2024-05,20,High (200-250),6682,-19.0,2024-05-09
2024-05,25,High (200-250),8984,-19.0,2024-05-09
2024-05,30,High (200-250),8338,-19.0,2024-05-09
2024-05,35,High (200-250),7843,-18.0,2024-05-09
2024-05,40,High (200-250),7625,-19.0,2024-05-09
2024-05,45,High (200-250),7766,-18.0,2024-05-09
2024-05,50,High (200-250),6908,-18.5,2024-05-09
2024-05,55,High (200-250),5919,-19.0,2024-05-09
2024-05,60,High (200-250),4703,-18.0,2024-05-09
2024-05,65,High (200-250),4248,-19.0,2024-05-09
2024-05,70,High (200-250),2534,-18.0,2024-05-09
2024-05,75,High (200-250),787,-19.0,2024-05-09
2024-05,80,High (200-250),478,-20.0,2024-05-09
2024-05,85,High (200-250),121,-20.0,2024-05-09
2024-05,10,High (200-250),88,-16.5,2024-05-10
2024-05,15,High (200-250),701,-17.0,2024-05-10
2024-05,20,High (200-250),2439,-17.0,2024-05-10
2024-05,25,High (200-250),3981,-18.0,2024-05-10
2024-05,30,High (200-250),4515,-19.0,2024-05-10
2024-05,35,High (200-250),4420,-19.0,2024-05-10
2024-05,40,High (200-250),4246,-18.0,2024-05-10
2024-05,45,High (200-250),3951,-17.0,2024-05-10
2024-05,50,High (200-250),4057,-18.0,2024-05-10
2024-05,55,High (200-250),4013,-17.0,2024-05-10
2024-05,60,High (200-250),3083,-17.0,2024-05-10
2024-05,65,High (200-250),2145,-18.0,2024-05-10
2024-05,70,High (200-250),1786,-18.0,2024-05-10
2024-05,75,High (200-250),637,-18.0,2024-05-10
2024-05,80,High (200-250),148,-20.0,2024-05-10
2024-05,85,High (200-250),45,-20.0,2024-05-10
2024-05,15,High (200-250),6,-23.5,2024-05-11
2024-05,20,High (200-250),10,-24.0,2024-05-11
2024-05,25,High (200-250),17,-23.0,2024-05-11
2024-05,30,High (200-250),25,-25.0,2024-05-11
2024-05,35,High (200-250),17,-21.0,2024-05-11
2024-05,40,High (200-250),53,-16.0,2024-05-11
2024-05,45,High (200-250),32,-19.0,2024-05-11
2024-05,50,High (200-250),56,-19.0,2024-05-11
2024-05,55,High (200-250),25,-19.0,2024-05-11
2024-05,60,High (200-250),20,-21.0,2024-05-11
2024-05,65,High (200-250),38,-19.0,2024-05-11
2024-05,70,High (200-250),296,-18.5,2024-05-11
2024-05,75,High (200-250),293,-18.0,2024-05-11
2024-05,80,High (200-250),279,-18.0,2024-05-11
2024-05,85,High (200-250),125,-22.0,2024-05-11
2024-05,10,High (200-250),99,-21.0,2024-05-12
2024-05,15,High (200-250),741,-20.0,2024-05-12
2024-05,20,High (200-250),1106,-19.0,2024-05-12
2024-05,25,High (200-250),1093,-18.0,2024-05-12
2024-05,30,High (200-250),2564,-19.0,2024-05-12
2024-05,35,High (200-250),5592,-19.0,2024-05-12
2024-05,40,High (200-250),2802,-20.0,2024-05-12
2024-05,45,High (200-250),1964,-19.0,2024-05-12
2024-05,50,High (200-250),1358,-19.0,2024-05-12
2024-05,55,High (200-250),1283,-18.0,2024-05-12
2024-05,60,High (200-250),912,-18.0,2024-05-12
2024-05,65,High (200-250),1055,-18.0,2024-05-12
2024-05,70,High (200-250),1008,-17.0,2024-05-12
2024-05,75,High (200-250),909,-18.0,2024-05-12
2024-05,80,High (200-250),685,-19.0,2024-05-12
2024-05,85,High (200-250),220,-18.5,2024-05-12
2024-05,10,High (200-250),119,-17.0,2024-05-13
2024-05,15,High (200-250),1771,-18.0,2024-05-13
2024-05,20,High (200-250),3394,-18.0,2024-05-13
2024-05,25,High (200-250),2771,-19.0,2024-05-13
2024-05,30,High (200-250),4254,-20.0,2024-05-13
2024-05,35,High (200-250),2727,-20.0,2024-05-13
2024-05,40,High (200-250),2934,-19.0,2024-05-13
2024-05,45,High (200-250),3072,-18.0,2024-05-13
2024-05,50,High (200-250),2459,-19.0,2024-05-13
2024-05,55,High (200-250),2011,-20.0,2024-05-13
2024-05,60,High (200-250),1649,-19.0,2024-05-13
2024-05,65,High (200-250),1790,-19.0,2024-05-13
2024-05,70,High (200-250),1383,-19.0,2024-05-13
2024-05,75,High (200-250),1021,-19.0,2024-05-13
2024-05,80,High (200-250),826,-18.0,2024-05-13
2024-05,85,High (200-250),166,-19.0,2024-05-13
2024-05,10,High (200-250),113,-20.0,2024-05-14
2024-05,15,High (200-250),755,-22.0,2024-05-14
2024-05,20,High (200-250),1575,-21.0,2024-05-14
2024-05,25,High (200-250),3027,-20.0,2024-05-14
2024-05,30,High (200-250),2105,-21.0,2024-05-14
2024-05,35,High (200-250),1762,-20.0,2024-05-14
2024-05,40,High (200-250),1930,-20.0,2024-05-14
2024-05,45,High (200-250),1727,-19.0,2024-05-14
2024-05,50,High (200-250),1635,-20.0,2024-05-14
2024-05,55,High (200-250),1621,-19.0,2024-05-14
2024-05,60,High (200-250),1464,-20.0,2024-05-14
2024-05,65,High (200-250),1467,-20.0,2024-05-14
2024-05,70,High (200-250),1823,-19.0,2024-05-14
2024-05,75,High (200-250),1953,-18.0,2024-05-14
2024-05,80,High (200-250),1470,-18.0,2024-05-14
2024-05,85,High (200-250),438,-19.0,2024-05-14
